Age,Annual_Income_INR,Monthly_Income_INR,Loan_Amount_INR,Loan_Term_Months,Credit_Score,Existing_Loans_Count,Dependents,Employment_Type,Residence_Type,EMI,Loan_Approved
59,153267,12772,63224,24,681,0,2,Salaried,Family,2634.3333333333335,0
49,2329897,194158,90738,36,831,1,0,Self-Employed,Rented,2520.5,1
35,2074596,172883,992654,240,451,1,3,Self-Employed,Owned,4136.058333333333,0
63,307164,25597,1948739,120,861,1,2,Government,Owned,16239.491666666667,0
28,685626,57135,1279336,60,719,3,0,Self-Employed,Family,21322.266666666666,0
41,2378636,198219,1067433,60,549,4,4,Unemployed,Family,17790.55,0
59,681831,56819,1862554,120,416,3,4,Salaried,Family,15521.283333333333,0
39,666771,55564,516725,180,811,2,4,Salaried,Rented,2870.6944444444443,0
43,841095,70091,713937,180,877,1,4,Self-Employed,Owned,3966.3166666666666,0
31,983727,81977,1630934,12,634,2,1,Salaried,Owned,135911.16666666666,0
31,1312928,109410,1224737,12,717,5,3,Salaried,Owned,102061.41666666667,0
44,1019474,84956,1631530,36,594,0,3,Salaried,Owned,45320.27777777778,0
56,2333151,194429,894193,48,670,0,1,Salaried,Owned,18629.020833333332,0
60,220640,18386,348512,24,485,3,2,Salaried,Owned,14521.333333333334,0
44,346582,28881,712143,12,545,4,2,Unemployed,Rented,59345.25,0
23,2150991,179249,616202,60,567,2,4,Salaried,Family,10270.033333333333,0
42,550573,45881,1300155,36,536,4,0,Government,Rented,36115.416666666664,0
22,1624271,135355,702026,24,829,3,2,Government,Family,29251.083333333332,0
44,211476,17623,1046530,36,851,0,0,Unemployed,Rented,29070.277777777777,0
64,1505531,125460,821253,24,320,4,3,Salaried,Owned,34218.875,0
50,1365856,113821,554471,24,819,4,0,Student,Owned,23102.958333333332,0
58,825510,68792,1428246,120,399,0,3,Self-Employed,Owned,11902.05,0
22,1048320,87360,856388,12,777,2,1,Self-Employed,Owned,71365.66666666667,0
41,784736,65394,1317543,240,898,0,1,Self-Employed,Rented,5489.7625,0
53,1737261,144771,1931248,36,597,4,4,Government,Owned,53645.77777777778,0
32,2157635,179802,433152,240,825,2,2,Salaried,Owned,1804.8,0
42,1376607,114717,1004652,36,633,2,4,Government,Owned,27907.0,0
64,216234,18019,144270,120,301,0,3,Self-Employed,Family,1202.25,1
45,1762818,146901,1095482,60,674,4,4,Government,Rented,18258.033333333333,0
47,2425504,202125,1889765,240,592,3,0,Unemployed,Rented,7874.020833333333,0
62,559995,46666,1641961,60,852,4,3,Salaried,Owned,27366.016666666666,0
48,2442156,203513,1764331,180,617,1,1,Unemployed,Rented,9801.83888888889,0
36,616152,51346,1245889,12,801,5,2,Salaried,Rented,103824.08333333333,0
35,2140546,178378,1988900,12,680,3,3,Salaried,Rented,165741.66666666666,0
64,2153019,179418,208768,48,313,2,3,Salaried,Family,4349.333333333333,0
23,1923832,160319,1345302,120,803,3,0,Salaried,Owned,11210.85,0
57,201934,16827,1955488,60,530,2,2,Self-Employed,Family,32591.466666666667,0
27,1918831,159902,620451,24,383,2,1,Salaried,Family,25852.125,0
41,575523,47960,69816,36,429,3,3,Salaried,Owned,1939.3333333333333,0
29,990530,82544,1017344,12,444,2,3,Unemployed,Rented,84778.66666666667,0
59,155486,12957,807907,240,327,2,0,Government,Family,3366.2791666666667,1
38,1337983,111498,364997,36,365,1,4,Government,Owned,10138.805555555555,0
24,1023332,85277,1254565,36,462,4,1,Student,Rented,34849.02777777778,0
45,1189458,99121,1719595,48,528,4,2,Government,Family,35824.895833333336,0
34,2467336,205611,1775502,60,560,5,3,Salaried,Rented,29591.7,0
29,1959891,163324,1305100,12,748,5,3,Salaried,Owned,108758.33333333333,1
46,347775,28981,1685687,36,723,1,1,Government,Rented,46824.63888888889,0
22,937494,78124,1088896,12,759,5,4,Salaried,Owned,90741.33333333333,0
40,1806940,150578,1250454,24,600,3,3,Government,Rented,52102.25,0
48,1288356,107363,780880,48,602,0,1,Salaried,Owned,16268.333333333334,0
27,1351193,112599,1624623,24,586,0,0,Salaried,Rented,67692.625,0
64,1039465,86622,831452,12,694,0,4,Self-Employed,Rented,69287.66666666667,0
28,683636,56969,1533741,180,309,1,2,Self-Employed,Rented,8520.783333333333,0
55,188102,15675,1977382,240,569,1,3,Self-Employed,Rented,8239.091666666667,0
34,224460,18705,183554,12,891,2,1,Government,Rented,15296.166666666666,0
37,1563354,130279,1909450,60,660,0,0,Salaried,Rented,31824.166666666668,0
56,1926203,160516,501282,36,556,3,2,Salaried,Owned,13924.5,0
60,2426360,202196,1192077,36,432,5,1,Student,Rented,33113.25,0
24,363945,30328,314223,24,575,3,1,Government,Owned,13092.625,0
22,381915,31826,1158252,240,812,5,2,Salaried,Family,4826.05,0
26,2455276,204606,1840380,48,612,0,0,Government,Owned,38341.25,1
62,675830,56319,1272108,180,875,0,0,Salaried,Rented,7067.266666666666,0
24,1482397,123533,1713261,120,583,0,4,Self-Employed,Rented,14277.175,0
49,2286233,190519,647135,240,420,1,3,Salaried,Rented,2696.3958333333335,0
38,868216,72351,1716471,36,406,5,2,Government,Owned,47679.75,0
46,1418506,118208,270178,60,503,1,2,Government,Rented,4502.966666666666,0
64,955497,79624,1248097,240,464,1,2,Salaried,Rented,5200.404166666666,0
54,667313,55609,476752,24,604,4,0,Student,Rented,19864.666666666668,0
30,1413108,117759,638365,24,796,3,3,Salaried,Owned,26598.541666666668,1
56,1487682,123973,874690,120,855,3,4,Salaried,Rented,7289.083333333333,0
34,1226871,102239,753662,60,455,2,1,Salaried,Rented,12561.033333333333,0
51,1212383,101031,1355585,48,666,1,1,Salaried,Rented,28241.354166666668,0
35,2404656,200388,1236293,240,550,5,2,Salaried,Rented,5151.220833333334,0
28,2199365,183280,1480491,60,633,4,3,Self-Employed,Rented,24674.85,0
34,1436643,119720,612288,48,810,4,0,Government,Owned,12756.0,0
43,1683584,140298,1649601,60,592,3,3,Self-Employed,Owned,27493.35,0
60,2156342,179695,1896493,60,319,1,3,Salaried,Owned,31608.216666666667,0
41,544540,45378,350709,12,581,2,0,Salaried,Owned,29225.75,0
36,2076275,173022,993026,24,300,1,2,Salaried,Rented,41376.083333333336,0
38,1365557,113796,1950163,240,418,0,3,Salaried,Rented,8125.679166666667,0
44,894699,74558,1284816,60,334,1,1,Government,Owned,21413.6,0
46,2267022,188918,1675351,240,497,0,0,Salaried,Family,6980.629166666667,0
45,1102082,91840,1373062,120,784,0,4,Government,Owned,11442.183333333332,0
61,398683,33223,1401526,60,358,2,2,Student,Rented,23358.766666666666,0
49,176790,14732,1409490,36,460,5,0,Self-Employed,Rented,39152.5,0
35,1841738,153478,1177199,24,505,3,4,Government,Owned,49049.958333333336,0
21,598345,49862,1463897,36,311,1,4,Self-Employed,Owned,40663.805555555555,0
45,899074,74922,1067289,240,789,0,3,Self-Employed,Rented,4447.0375,0
27,2029490,169124,1960637,240,575,1,3,Self-Employed,Owned,8169.320833333333,0
29,940141,78345,957425,24,541,5,3,Self-Employed,Family,39892.708333333336,0
44,1604908,133742,233675,240,515,3,0,Salaried,Rented,973.6458333333334,1
21,2403694,200307,1835910,36,550,5,0,Salaried,Family,50997.5,0
64,455062,37921,1728811,60,425,3,2,Salaried,Owned,28813.516666666666,0
28,1762162,146846,1911407,60,516,4,3,Self-Employed,Rented,31856.783333333333,0
44,1700284,141690,702465,12,605,3,4,Salaried,Rented,58538.75,0
31,1016651,84720,1315030,120,484,2,1,Unemployed,Rented,10958.583333333334,0
37,1260205,105017,1048748,240,338,5,2,Government,Owned,4369.783333333334,0
28,905195,75432,1208151,36,522,0,0,Salaried,Rented,33559.75,1
55,2018599,168216,1083024,240,483,4,2,Salaried,Rented,4512.6,0
55,363920,30326,1995912,240,794,2,2,Student,Rented,8316.3,0
53,1575541,131295,1306182,48,726,1,2,Government,Owned,27212.125,0
25,1659433,138286,555815,12,477,5,2,Government,Family,46317.916666666664,0
62,2021403,168450,1391398,36,727,0,1,Salaried,Owned,38649.944444444445,0
59,1703068,141922,126218,36,593,3,3,Salaried,Family,3506.0555555555557,0
61,803983,66998,637518,240,450,0,4,Salaried,Family,2656.325,0
48,1614492,134541,820044,12,683,1,2,Salaried,Family,68337.0,0
27,971052,80921,1434775,60,607,4,2,Government,Rented,23912.916666666668,0
29,1957150,163095,499589,36,635,4,2,Government,Rented,13877.472222222223,1
28,2375300,197941,1785416,60,674,5,3,Self-Employed,Family,29756.933333333334,0
32,2005567,167130,528446,12,307,4,0,Student,Owned,44037.166666666664,0
54,1684837,140403,512052,60,640,5,0,Self-Employed,Rented,8534.2,0
53,881899,73491,1432978,24,428,5,1,Self-Employed,Rented,59707.416666666664,0
43,409747,34145,1138562,48,651,5,0,Salaried,Rented,23720.041666666668,0
44,765650,63804,1778096,180,657,3,2,Unemployed,Owned,9878.31111111111,0
57,573570,47797,397739,36,816,2,2,Salaried,Rented,11048.305555555555,0
55,1177512,98126,1724222,120,794,5,2,Unemployed,Family,14368.516666666666,0
64,1008158,84013,522327,48,385,5,1,Government,Owned,10881.8125,0
60,2264792,188732,1425649,180,474,2,2,Salaried,Family,7920.272222222222,0
42,202528,16877,647794,60,492,0,0,Self-Employed,Owned,10796.566666666668,0
47,2023421,168618,84911,36,610,5,3,Student,Owned,2358.6388888888887,0
55,2037646,169803,1972135,60,418,3,3,Self-Employed,Owned,32868.916666666664,1
21,1567077,130589,475037,24,517,4,4,Unemployed,Owned,19793.208333333332,0
55,1922802,160233,780399,12,726,4,0,Unemployed,Family,65033.25,0
57,2402728,200227,1028039,36,713,1,2,Salaried,Owned,28556.63888888889,0
34,1074618,89551,949885,180,413,1,3,Salaried,Rented,5277.138888888889,0
23,1078479,89873,658746,180,444,4,0,Unemployed,Owned,3659.7,0
21,1209599,100799,1110751,24,837,4,3,Government,Rented,46281.291666666664,0
25,1484679,123723,955667,24,602,3,2,Salaried,Rented,39819.458333333336,0
46,216203,18016,366915,240,887,2,3,Salaried,Owned,1528.8125,0
34,310775,25897,549876,36,644,1,4,Self-Employed,Owned,15274.333333333334,0
59,1713299,142774,1744164,60,300,2,4,Unemployed,Family,29069.4,0
47,1494027,124502,661213,120,446,3,3,Government,Owned,5510.108333333334,0
29,941267,78438,818734,180,586,4,0,Government,Rented,4548.522222222222,0
35,647562,53963,1164934,180,352,5,0,Salaried,Owned,6471.855555555556,0
35,533934,44494,1509119,24,603,2,0,Salaried,Rented,62879.958333333336,0
46,2154168,179514,97057,48,368,4,3,Student,Owned,2022.0208333333333,0
62,467428,38952,1366870,24,660,4,0,Salaried,Rented,56952.916666666664,0
33,1517763,126480,1889433,120,519,0,2,Salaried,Owned,15745.275,0
52,1192892,99407,304726,60,874,2,4,Salaried,Family,5078.766666666666,1
59,840907,70075,328176,60,884,5,2,Government,Owned,5469.6,0
52,2082015,173501,1625062,48,460,2,0,Unemployed,Rented,33855.458333333336,0
24,2329996,194166,758754,180,388,4,2,Salaried,Rented,4215.3,0
50,1750396,145866,987583,24,884,5,0,Self-Employed,Owned,41149.291666666664,0
57,272402,22700,1265868,240,888,3,3,Self-Employed,Rented,5274.45,0
43,1316588,109715,194931,60,458,0,2,Unemployed,Owned,3248.85,0
59,588661,49055,1542252,120,788,4,3,Salaried,Family,12852.1,0
35,723695,60307,212491,36,623,1,3,Self-Employed,Family,5902.527777777777,0
63,613556,51129,1479585,12,680,1,1,Salaried,Family,123298.75,0
49,725278,60439,451921,12,401,0,0,Student,Owned,37660.083333333336,0
56,1143176,95264,310910,12,793,3,4,Self-Employed,Rented,25909.166666666668,0
33,1328049,110670,1121812,240,318,4,0,Salaried,Rented,4674.216666666666,0
52,628007,52333,137955,180,753,2,4,Self-Employed,Family,766.4166666666666,0
27,1424732,118727,1839450,24,781,0,0,Government,Rented,76643.75,0
42,675303,56275,677433,48,893,3,3,Salaried,Family,14113.1875,0
48,2240784,186732,1769294,240,696,2,2,Student,Rented,7372.058333333333,0
22,1260389,105032,1329361,240,578,1,2,Salaried,Rented,5539.004166666667,0
62,177712,14809,1193490,60,664,1,1,Self-Employed,Owned,19891.5,0
26,262816,21901,1987878,36,630,2,4,Salaried,Rented,55218.833333333336,0
48,1785156,148763,257990,240,643,0,4,Government,Rented,1074.9583333333333,0
48,285230,23769,428387,120,754,1,4,Salaried,Rented,3569.891666666667,0
64,1916616,159718,588884,36,364,4,3,Student,Rented,16357.888888888889,0
64,956741,79728,1046261,120,375,5,4,Government,Rented,8718.841666666667,0
40,419114,34926,1755215,180,442,2,2,Self-Employed,Owned,9751.194444444445,0
50,1533194,127766,1292845,24,772,2,3,Government,Rented,53868.541666666664,0
31,2031548,169295,1996504,12,716,1,0,Government,Rented,166375.33333333334,0
48,301456,25121,442417,240,604,0,4,Salaried,Rented,1843.4041666666667,0
45,420846,35070,1030020,24,796,4,4,Salaried,Owned,42917.5,0
59,150404,12533,188155,180,590,0,0,Unemployed,Owned,1045.3055555555557,1
53,853286,71107,1219250,48,401,3,4,Salaried,Owned,25401.041666666668,0
21,2145269,178772,956739,48,566,3,0,Government,Rented,19932.0625,0
47,1473483,122790,1880393,180,302,5,3,Unemployed,Owned,10446.627777777778,0
33,1872320,156026,1863333,120,384,1,2,Salaried,Rented,15527.775,0
61,865460,72121,1355289,60,627,1,0,Government,Family,22588.15,0
23,2482517,206876,1540077,60,749,1,1,Self-Employed,Owned,25667.95,0
59,492786,41065,593351,120,753,5,0,Self-Employed,Rented,4944.591666666666,0
26,960006,80000,117642,48,520,3,4,Salaried,Rented,2450.875,0
28,2008532,167377,140093,48,453,0,3,Salaried,Family,2918.6041666666665,1
47,2447396,203949,1606182,240,311,5,3,Government,Rented,6692.425,0
29,1995924,166327,267215,48,432,5,0,Government,Rented,5566.979166666667,0
57,1203385,100282,1805856,24,603,0,2,Government,Family,75244.0,0
53,313273,26106,1782465,48,592,1,1,Self-Employed,Rented,37134.6875,0
62,1343104,111925,85954,36,599,4,3,Salaried,Family,2387.6111111111113,1
64,1648189,137349,1126432,240,342,0,4,Government,Owned,4693.466666666666,0
44,1237341,103111,576861,12,642,3,4,Salaried,Family,48071.75,0
35,2150896,179241,609655,48,625,2,2,Unemployed,Rented,12701.145833333334,0
52,1514652,126221,545553,120,797,2,3,Government,Rented,4546.275,0
52,993523,82793,812092,12,663,5,0,Government,Owned,67674.33333333333,0
44,696237,58019,936040,24,726,2,4,Unemployed,Rented,39001.666666666664,0
61,1399728,116644,372918,120,320,4,2,Salaried,Owned,3107.65,0
32,850903,70908,1122328,12,706,1,3,Government,Family,93527.33333333333,0
59,242193,20182,891461,120,635,3,3,Salaried,Family,7428.841666666666,0
22,655950,54662,198757,24,416,4,3,Unemployed,Owned,8281.541666666666,0
23,1336887,111407,1412413,240,423,3,3,Salaried,Family,5885.054166666667,0
57,658153,54846,166739,36,698,3,3,Government,Rented,4631.638888888889,0
37,1510642,125886,1940969,24,350,1,4,Student,Rented,80873.70833333333,0
22,837409,69784,1336585,24,623,5,2,Salaried,Owned,55691.041666666664,0
22,790053,65837,830316,120,440,2,3,Salaried,Owned,6919.3,0
48,1010395,84199,1306556,240,769,1,1,Government,Owned,5443.983333333334,0
43,1829748,152479,1355185,180,633,4,1,Self-Employed,Owned,7528.805555555556,0
57,2373069,197755,1487398,60,672,5,2,Salaried,Family,24789.966666666667,0
52,848168,70680,386676,48,863,4,0,Salaried,Owned,8055.75,0
53,631680,52640,1442714,48,793,5,0,Salaried,Family,30056.541666666668,0
21,1121375,93447,1416853,36,838,4,0,Student,Owned,39357.02777777778,0
39,2135838,177986,1064929,36,455,1,1,Self-Employed,Rented,29581.36111111111,0
22,1242814,103567,1616847,48,590,5,0,Salaried,Rented,33684.3125,0
64,2248404,187367,373412,60,443,5,4,Salaried,Family,6223.533333333334,0
46,976196,81349,535417,48,405,3,3,Salaried,Owned,11154.520833333334,0
52,1684026,140335,1530035,180,719,3,1,Salaried,Rented,8500.194444444445,0
26,465826,38818,238456,60,301,0,2,Salaried,Rented,3974.266666666667,0
52,477359,39779,605941,36,888,4,2,Salaried,Owned,16831.694444444445,0
24,156949,13079,1256305,12,389,3,3,Salaried,Owned,104692.08333333333,0
31,467537,38961,278504,120,644,0,1,Government,Rented,2320.866666666667,0
37,700222,58351,1744693,180,649,3,0,Salaried,Rented,9692.738888888889,0
58,930722,77560,702665,180,758,4,0,Self-Employed,Rented,3903.6944444444443,0
44,1514133,126177,1624486,240,562,5,4,Self-Employed,Owned,6768.691666666667,0
25,2082247,173520,623044,36,650,2,4,Self-Employed,Rented,17306.777777777777,1
54,1503038,125253,1139385,36,407,4,0,Government,Rented,31649.583333333332,0
26,400875,33406,1639589,24,885,1,2,Self-Employed,Rented,68316.20833333333,0
42,613389,51115,766756,180,338,3,2,Student,Family,4259.7555555555555,0
31,220390,18365,101226,24,458,3,4,Government,Rented,4217.75,0
36,857689,71474,549512,24,882,5,3,Self-Employed,Rented,22896.333333333332,0
53,403490,33624,1704046,120,611,1,0,Government,Owned,14200.383333333333,1
29,1765952,147162,1574357,24,540,5,4,Self-Employed,Rented,65598.20833333333,0
26,1446516,120543,1127978,60,744,1,4,Salaried,Owned,18799.633333333335,1
36,1706617,142218,1102839,48,597,2,0,Salaried,Rented,22975.8125,0
49,1415040,117920,1090993,12,335,3,0,Salaried,Rented,90916.08333333333,0
23,1709312,142442,1850459,36,383,3,2,Student,Family,51401.63888888889,0
40,2004971,167080,1276476,60,751,2,3,Government,Owned,21274.6,0
56,800199,66683,622212,12,684,0,3,Unemployed,Rented,51851.0,0
39,2470929,205910,386326,180,471,5,0,Self-Employed,Rented,2146.2555555555555,0
46,1999396,166616,274137,180,675,2,1,Self-Employed,Owned,1522.9833333333333,0
23,778861,64905,1550844,180,661,5,4,Salaried,Owned,8615.8,0
39,811614,67634,979168,60,858,4,4,Government,Owned,16319.466666666667,0
40,829574,69131,1396457,60,440,3,0,Self-Employed,Owned,23274.283333333333,0
52,648870,54072,413476,36,417,5,1,Unemployed,Owned,11485.444444444445,0
27,2449998,204166,1450283,48,576,1,2,Salaried,Owned,30214.229166666668,0
61,816997,68083,1783309,240,519,5,0,Self-Employed,Owned,7430.454166666666,0
53,1876351,156362,1609161,24,325,4,0,Government,Rented,67048.375,0
60,1222647,101887,741757,180,820,3,4,Self-Employed,Rented,4120.872222222222,0
59,1781107,148425,440719,120,309,2,0,Self-Employed,Family,3672.6583333333333,0
38,1178455,98204,1577937,48,677,4,0,Government,Rented,32873.6875,0
60,1062259,88521,1199947,120,883,3,0,Salaried,Rented,9999.558333333332,0
21,2419464,201622,612997,36,451,5,4,Government,Family,17027.694444444445,0
31,1455794,121316,1083578,36,348,0,2,Self-Employed,Rented,30099.38888888889,0
48,1413455,117787,1290768,36,453,0,2,Student,Rented,35854.666666666664,0
45,1562290,130190,1248898,12,592,1,0,Government,Rented,104074.83333333333,0
43,2100367,175030,71172,120,879,3,4,Salaried,Owned,593.1,1
51,2060705,171725,585843,48,349,0,2,Salaried,Owned,12205.0625,0
50,1751596,145966,1046121,240,830,2,2,Unemployed,Rented,4358.8375,0
62,1078818,89901,1676140,48,359,3,2,Self-Employed,Rented,34919.583333333336,0
55,2304260,192021,631780,60,466,2,4,Unemployed,Owned,10529.666666666666,0
27,1679297,139941,758362,60,501,2,4,Salaried,Family,12639.366666666667,0
36,1309771,109147,563319,180,445,0,0,Self-Employed,Rented,3129.55,0
46,1235244,102937,830298,240,738,3,3,Government,Rented,3459.575,0
22,2377712,198142,926031,60,541,5,2,Unemployed,Family,15433.85,0
21,1197172,99764,1320896,36,880,4,3,Salaried,Rented,36691.555555555555,0
32,2395131,199594,1516554,48,860,0,4,Government,Family,31594.875,0
25,1348425,112368,1109622,120,782,0,4,Self-Employed,Rented,9246.85,0
57,201745,16812,278071,36,407,5,4,Salaried,Owned,7724.194444444444,0
52,2244157,187013,428165,12,525,3,3,Government,Rented,35680.416666666664,0
29,241865,20155,758662,60,731,3,4,Government,Rented,12644.366666666667,0
61,1411466,117622,466366,36,718,2,0,Unemployed,Rented,12954.611111111111,0
55,1222200,101850,1365573,36,754,5,4,Self-Employed,Family,37932.583333333336,0
39,2270473,189206,1062117,12,459,5,1,Salaried,Rented,88509.75,0
36,1372869,114405,695188,24,822,3,3,Salaried,Rented,28966.166666666668,0
23,2433869,202822,1581191,48,889,2,1,Salaried,Family,32941.479166666664,0
40,1579551,131629,465008,120,376,0,4,Salaried,Rented,3875.0666666666666,0
44,2431020,202585,1681993,180,808,1,0,Government,Rented,9344.405555555555,0
53,2342409,195200,1859955,24,740,4,2,Salaried,Family,77498.125,0
44,738579,61548,1304126,60,553,0,4,Unemployed,Owned,21735.433333333334,0
31,2457328,204777,294883,36,619,3,0,Unemployed,Rented,8191.194444444444,0
28,2437623,203135,1736994,240,562,4,3,Self-Employed,Family,7237.475,0
56,1064032,88669,1559090,12,896,1,1,Unemployed,Rented,129924.16666666667,0
58,1717438,143119,999491,12,853,1,1,Government,Rented,83290.91666666667,0
60,2116382,176365,721210,240,673,2,1,Self-Employed,Rented,3005.0416666666665,0
40,1674350,139529,979616,48,466,4,3,Salaried,Rented,20408.666666666668,0
55,1067559,88963,1220365,24,758,2,0,Self-Employed,Family,50848.541666666664,0
45,785605,65467,729418,180,579,0,3,Self-Employed,Owned,4052.322222222222,0
55,539593,44966,750780,48,601,5,1,Student,Owned,15641.25,0
45,965131,80427,1661754,240,830,5,4,Self-Employed,Owned,6923.975,0
49,217661,18138,1164593,36,879,5,2,Student,Rented,32349.805555555555,0
38,1870684,155890,1276952,240,517,4,3,Government,Rented,5320.633333333333,0
38,1344682,112056,1786857,48,401,5,3,Salaried,Family,37226.1875,0
22,2228007,185667,549137,120,853,0,0,Unemployed,Rented,4576.141666666666,0
55,1457506,121458,706884,12,587,2,0,Self-Employed,Rented,58907.0,0
36,2121206,176767,674712,12,466,4,3,Salaried,Owned,56226.0,0
61,1003499,83624,1900056,60,335,2,1,Government,Rented,31667.6,0
56,268033,22336,743264,60,652,4,2,Salaried,Rented,12387.733333333334,0
53,780265,65022,891344,240,372,2,0,Self-Employed,Owned,3713.9333333333334,0
24,1828050,152337,1656872,180,652,1,1,Self-Employed,Owned,9204.844444444445,0
53,1365502,113791,1491852,36,369,2,4,Salaried,Owned,41440.333333333336,0
34,1769135,147427,1828602,120,724,5,0,Unemployed,Owned,15238.35,0
41,581734,48477,657847,24,860,1,1,Self-Employed,Rented,27410.291666666668,0
40,1571796,130983,1153913,48,816,2,1,Salaried,Owned,24039.854166666668,0
28,2469049,205754,947048,180,727,4,2,Self-Employed,Rented,5261.377777777778,0
27,2248214,187351,1374070,36,838,4,2,Unemployed,Family,38168.61111111111,0
23,2342614,195217,1122930,60,459,4,4,Salaried,Rented,18715.5,0
37,1598021,133168,1143762,240,448,3,1,Salaried,Family,4765.675,0
53,1648585,137382,602433,48,529,0,1,Salaried,Rented,12550.6875,0
32,920173,76681,477236,60,861,4,2,Salaried,Rented,7953.933333333333,0
42,808956,67413,1708987,240,366,1,0,Government,Family,7120.779166666666,0
42,1597960,133163,1598459,48,680,4,0,Government,Owned,33301.229166666664,0
50,1830963,152580,1829122,24,357,3,3,Salaried,Family,76213.41666666667,0
58,617010,51417,790829,36,558,5,2,Government,Owned,21967.472222222223,0
58,1805016,150418,1643445,48,641,1,3,Salaried,Rented,34238.4375,0
28,1847900,153991,1711793,120,429,3,2,Unemployed,Owned,14264.941666666668,0
47,536193,44682,335195,180,471,5,4,Unemployed,Rented,1862.1944444444443,0
47,176734,14727,625762,12,508,1,1,Salaried,Rented,52146.833333333336,0
54,1073875,89489,666036,120,653,2,4,Student,Rented,5550.3,0
41,2273221,189435,1224571,120,770,0,2,Government,Owned,10204.758333333333,0
50,687198,57266,1344266,180,415,0,1,Salaried,Owned,7468.144444444444,0
53,1534199,127849,1430346,12,563,3,0,Salaried,Owned,119195.5,0
48,231264,19272,843392,120,741,5,0,Self-Employed,Owned,7028.266666666666,0
53,173275,14439,478988,48,847,0,3,Government,Family,9978.916666666666,1
25,2438228,203185,230553,48,752,5,2,Unemployed,Owned,4803.1875,0
39,1152163,96013,610696,48,776,5,2,Government,Family,12722.833333333334,0
24,1908489,159040,930438,12,586,3,0,Student,Family,77536.5,0
55,722735,60227,1358144,120,602,3,4,Self-Employed,Owned,11317.866666666667,0
37,2150609,179217,369278,240,610,3,1,Government,Rented,1538.6583333333333,1
64,1062826,88568,1250139,12,507,0,4,Government,Owned,104178.25,0
48,1012522,84376,1755277,48,745,3,4,Salaried,Owned,36568.270833333336,0
50,953692,79474,749983,180,354,0,0,Self-Employed,Owned,4166.572222222222,0
49,1311157,109263,1713191,120,311,3,0,Government,Rented,14276.591666666667,0
26,1464532,122044,443554,120,699,4,0,Salaried,Rented,3696.2833333333333,0
55,571240,47603,1301079,60,814,5,3,Government,Rented,21684.65,0
61,1094789,91232,1241902,60,841,3,4,Salaried,Rented,20698.366666666665,0
57,2363573,196964,1805796,24,536,1,2,Self-Employed,Owned,75241.5,0
44,675893,56324,1109920,240,578,5,1,Government,Rented,4624.666666666667,0
49,2319455,193287,444966,240,647,5,3,Salaried,Rented,1854.025,1
51,2405363,200446,1690821,36,403,3,2,Salaried,Owned,46967.25,0
55,1144653,95387,155423,240,816,2,4,Salaried,Owned,647.5958333333333,0
53,337210,28100,370197,60,547,3,0,Student,Rented,6169.95,0
41,1012557,84379,514071,12,663,5,4,Salaried,Owned,42839.25,0
52,2392142,199345,721256,240,620,1,1,Unemployed,Rented,3005.233333333333,0
43,1357094,113091,236833,60,585,5,3,Salaried,Owned,3947.2166666666667,0
53,2371192,197599,767912,24,448,1,3,Unemployed,Owned,31996.333333333332,0
23,818406,68200,825435,120,383,0,1,Unemployed,Owned,6878.625,0
38,568034,47336,127454,240,705,4,2,Self-Employed,Owned,531.0583333333333,0
45,1183255,98604,1356170,24,755,5,2,Self-Employed,Rented,56507.083333333336,0
62,945543,78795,1610473,120,460,3,3,Self-Employed,Rented,13420.608333333334,0
51,690677,57556,1451320,180,759,0,3,Self-Employed,Rented,8062.888888888889,0
23,1845041,153753,959164,180,849,4,0,Salaried,Family,5328.688888888889,0
60,1882682,156890,1614718,120,799,3,2,Salaried,Rented,13455.983333333334,0
44,1321459,110121,995439,240,808,2,1,Salaried,Rented,4147.6625,0
52,1941822,161818,87641,36,780,3,2,Salaried,Owned,2434.472222222222,0
42,2116197,176349,1652575,60,413,1,0,Salaried,Rented,27542.916666666668,0
43,537952,44829,1955350,12,877,1,3,Self-Employed,Rented,162945.83333333334,0
22,2359373,196614,1467616,12,660,2,3,Unemployed,Owned,122301.33333333333,0
47,1180117,98343,1766118,48,640,0,0,Salaried,Rented,36794.125,0
62,675134,56261,662121,120,748,4,1,Self-Employed,Owned,5517.675,0
22,1539959,128329,368420,12,479,3,3,Salaried,Rented,30701.666666666668,0
46,394761,32896,331685,240,706,1,4,Government,Family,1382.0208333333333,0
37,2384693,198724,1979465,36,495,0,3,Unemployed,Family,54985.13888888889,0
60,1097609,91467,1574102,120,765,2,4,Student,Rented,13117.516666666666,0
53,2027109,168925,1143389,36,610,5,0,Unemployed,Rented,31760.805555555555,0
29,214323,17860,1791134,240,561,1,0,Salaried,Rented,7463.058333333333,0
63,1387715,115642,714180,12,718,2,3,Government,Rented,59515.0,0
59,1104480,92040,336214,12,705,3,2,Government,Owned,28017.833333333332,0
49,2482811,206900,978626,48,442,4,4,Salaried,Rented,20388.041666666668,0
62,1004016,83668,392703,12,641,1,1,Unemployed,Rented,32725.25,0
46,1303113,108592,254615,120,615,1,3,Salaried,Family,2121.7916666666665,0
55,1014909,84575,1575233,240,400,3,1,Government,Rented,6563.470833333334,0
45,2489135,207427,1664650,180,543,5,3,Salaried,Rented,9248.055555555555,0
44,1765397,147116,1848870,240,789,0,2,Salaried,Rented,7703.625,0
33,938260,78188,1853740,120,311,4,2,Government,Rented,15447.833333333334,1
27,1200493,100041,449953,120,538,1,2,Self-Employed,Rented,3749.608333333333,0
56,432762,36063,1921070,48,860,4,2,Salaried,Owned,40022.291666666664,0
40,1755118,146259,1021741,48,341,1,0,Salaried,Rented,21286.270833333332,0
21,1566012,130501,888003,12,893,4,0,Government,Family,74000.25,0
28,1708506,142375,1386230,24,728,2,4,Salaried,Rented,57759.583333333336,0
36,721650,60137,331570,240,457,1,1,Salaried,Owned,1381.5416666666667,0
34,432272,36022,1135841,240,515,4,3,Unemployed,Rented,4732.670833333334,0
32,535925,44660,1347897,24,761,0,3,Government,Family,56162.375,0
43,864743,72061,116150,48,433,2,0,Salaried,Owned,2419.7916666666665,0
35,553081,46090,1710176,12,366,2,3,Government,Rented,142514.66666666666,0
48,528892,44074,1188189,24,306,0,0,Government,Family,49507.875,0
54,155287,12940,387054,12,825,4,4,Student,Rented,32254.5,0
22,1456241,121353,1937383,12,372,3,1,Self-Employed,Family,161448.58333333334,0
52,806702,67225,171826,12,698,0,4,Salaried,Rented,14318.833333333334,1
43,2135296,177941,609723,60,704,4,2,Salaried,Rented,10162.05,0
42,2233592,186132,1981451,120,877,0,2,Salaried,Rented,16512.091666666667,0
45,2340222,195018,500348,12,429,0,2,Self-Employed,Owned,41695.666666666664,1
42,1628050,135670,1308593,60,765,1,4,Salaried,Owned,21809.883333333335,0
42,1161293,96774,1049554,48,505,4,3,Self-Employed,Rented,21865.708333333332,0
62,1240654,103387,184055,24,565,3,1,Salaried,Owned,7668.958333333333,1
26,757812,63151,540457,120,836,1,2,Salaried,Rented,4503.808333333333,0
35,2474797,206233,726022,180,552,0,2,Student,Family,4033.4555555555557,0
63,936667,78055,859942,24,588,5,2,Self-Employed,Family,35830.916666666664,0
57,1503649,125304,1832123,120,463,0,1,Salaried,Rented,15267.691666666668,0
53,1325885,110490,746358,180,394,0,2,Government,Family,4146.433333333333,0
28,1528164,127347,1548638,24,409,4,1,Salaried,Rented,64526.583333333336,0
64,1862503,155208,1192647,120,635,4,2,Government,Rented,9938.725,0
64,1534418,127868,1891648,24,537,1,4,Government,Owned,78818.66666666667,0
25,536594,44716,1405267,24,680,3,4,Salaried,Rented,58552.791666666664,0
59,1242501,103541,891052,180,735,1,1,Government,Rented,4950.288888888889,0
24,1194027,99502,196389,24,782,2,4,Self-Employed,Rented,8182.875,1
26,287023,23918,1738472,24,324,0,1,Self-Employed,Rented,72436.33333333333,0
52,1285964,107163,319708,180,416,5,4,Salaried,Owned,1776.1555555555556,0
50,682295,56857,1781281,48,781,0,4,Salaried,Rented,37110.020833333336,0
55,1633624,136135,688112,12,691,0,1,Unemployed,Family,57342.666666666664,0
60,2305748,192145,1061727,240,836,1,3,Salaried,Rented,4423.8625,0
36,2106109,175509,304444,36,378,5,4,Self-Employed,Family,8456.777777777777,0
33,1023172,85264,653561,60,879,5,2,Self-Employed,Family,10892.683333333332,0
62,672244,56020,911291,36,472,5,3,Self-Employed,Family,25313.63888888889,0
50,1611074,134256,261837,36,311,1,1,Salaried,Family,7273.25,0
39,829290,69107,160017,120,427,0,3,Salaried,Family,1333.475,0
37,2005619,167134,173618,12,391,1,0,Government,Rented,14468.166666666666,1
39,1212636,101053,509297,120,842,4,0,Salaried,Owned,4244.141666666666,0
48,1936921,161410,1223917,12,831,4,4,Salaried,Rented,101993.08333333333,0
46,1717121,143093,1070154,180,746,1,4,Salaried,Rented,5945.3,0
57,979735,81644,865862,180,689,5,2,Salaried,Owned,4810.344444444445,0
46,1238287,103190,1829468,240,342,0,3,Student,Owned,7622.783333333334,0
43,485484,40457,602076,12,553,1,0,Salaried,Family,50173.0,0
29,2465286,205440,800865,24,429,1,4,Salaried,Family,33369.375,0
32,1301550,108462,491759,48,359,1,3,Salaried,Family,10244.979166666666,0
21,1600976,133414,1954354,240,766,2,4,Government,Rented,8143.141666666666,0
21,839376,69948,932554,240,586,4,4,Self-Employed,Owned,3885.641666666667,0
54,588774,49064,1662838,24,816,5,0,Salaried,Owned,69284.91666666667,0
52,1064228,88685,943741,48,766,3,0,Government,Owned,19661.270833333332,0
45,1103959,91996,590659,120,644,5,4,Self-Employed,Owned,4922.158333333334,0
60,2339415,194951,1930092,48,681,3,1,Student,Owned,40210.25,0
21,1071522,89293,472845,120,552,2,4,Government,Family,3940.375,0
36,1777781,148148,756544,180,355,1,4,Salaried,Rented,4203.022222222222,0
59,495266,41272,374060,36,762,2,2,Salaried,Owned,10390.555555555555,0
25,1688601,140716,1696836,180,756,2,2,Salaried,Owned,9426.866666666667,0
42,493054,41087,1291835,180,382,0,2,Salaried,Rented,7176.861111111111,0
49,1466128,122177,325128,36,398,4,1,Unemployed,Owned,9031.333333333334,1
23,1257955,104829,869471,48,448,3,1,Salaried,Family,18113.979166666668,0
32,1223629,101969,659719,240,628,1,4,Salaried,Rented,2748.829166666667,0
46,1601238,133436,920123,48,455,3,2,Government,Rented,19169.229166666668,0
36,2345875,195489,895038,120,489,5,1,Self-Employed,Owned,7458.65,0
57,1471509,122625,1502408,24,793,3,0,Salaried,Owned,62600.333333333336,0
42,2082728,173560,939097,120,562,5,4,Salaried,Rented,7825.808333333333,0
49,1003088,83590,1728237,24,379,4,3,Salaried,Rented,72009.875,0
34,2049492,170791,1279720,180,699,5,4,Government,Rented,7109.555555555556,0
48,1230730,102560,1909582,36,559,3,3,Salaried,Owned,53043.944444444445,0
25,1564397,130366,300195,180,851,3,2,Salaried,Rented,1667.75,1
50,2052787,171065,1242324,12,400,5,3,Self-Employed,Rented,103527.0,0
25,995633,82969,1502608,48,658,2,2,Salaried,Family,31304.333333333332,0
32,1373520,114460,82733,24,679,4,0,Self-Employed,Owned,3447.2083333333335,1
36,1769061,147421,1839616,120,520,0,3,Self-Employed,Owned,15330.133333333333,0
46,1646972,137247,576338,36,719,1,4,Salaried,Rented,16009.388888888889,0
46,1353358,112779,159996,24,423,3,2,Unemployed,Rented,6666.5,0
41,2450119,204176,608221,120,721,1,4,Self-Employed,Rented,5068.508333333333,1
59,2049443,170786,599239,48,530,0,1,Salaried,Rented,12484.145833333334,0
56,1589758,132479,606701,180,362,1,2,Self-Employed,Rented,3370.561111111111,0
53,1955468,162955,1264449,48,784,0,3,Government,Family,26342.6875,0
50,2311924,192660,1809555,60,873,5,2,Government,Rented,30159.25,0
57,276108,23009,1000417,12,782,2,4,Salaried,Family,83368.08333333333,0
43,1857692,154807,949005,60,818,3,0,Unemployed,Rented,15816.75,0
30,1481329,123444,1086580,36,454,0,2,Salaried,Family,30182.777777777777,0
25,2230154,185846,483816,24,391,1,3,Salaried,Family,20159.0,1
56,2394702,199558,1811711,36,825,3,1,Salaried,Owned,50325.305555555555,0
54,487827,40652,1320464,180,754,2,0,Salaried,Family,7335.9111111111115,0
51,1690889,140907,835332,120,897,5,1,Government,Owned,6961.1,0
30,1853194,154432,1844029,48,809,3,2,Salaried,Family,38417.270833333336,0
39,538349,44862,817950,60,482,0,4,Salaried,Rented,13632.5,0
52,1212729,101060,216472,240,685,2,4,Student,Owned,901.9666666666667,0
21,1799189,149932,447710,60,873,1,3,Salaried,Rented,7461.833333333333,1
25,2129079,177423,261760,180,704,2,4,Salaried,Family,1454.2222222222222,0
24,544030,45335,172744,60,545,2,0,Salaried,Owned,2879.0666666666666,0
36,226077,18839,1974439,180,890,4,4,Salaried,Rented,10969.105555555556,0
44,283515,23626,1828627,240,770,2,3,Salaried,Rented,7619.279166666666,0
36,1405564,117130,1600522,36,722,2,2,Government,Family,44458.944444444445,0
22,2058327,171527,1141577,48,364,3,2,Salaried,Rented,23782.854166666668,0
48,275885,22990,641652,24,312,1,4,Salaried,Owned,26735.5,0
52,1046209,87184,961420,120,512,3,1,Government,Owned,8011.833333333333,0
47,691656,57638,881460,24,541,3,2,Government,Rented,36727.5,0
40,820688,68390,288506,36,792,0,4,Salaried,Rented,8014.055555555556,0
44,2435166,202930,803019,120,512,3,3,Self-Employed,Family,6691.825,0
32,2338903,194908,480789,60,637,4,4,Salaried,Owned,8013.15,0
55,380203,31683,1754742,240,472,4,2,Self-Employed,Rented,7311.425,0
53,963738,80311,960775,240,463,0,3,Self-Employed,Owned,4003.2291666666665,0
53,2201531,183460,1810574,12,764,5,4,Salaried,Owned,150881.16666666666,0
63,1703731,141977,1751165,36,796,1,0,Unemployed,Rented,48643.47222222222,0
57,345716,28809,962727,36,694,1,3,Salaried,Rented,26742.416666666668,0
32,1040695,86724,549722,48,607,3,0,Government,Rented,11452.541666666666,0
23,150126,12510,1783693,24,482,3,1,Salaried,Family,74320.54166666667,0
21,988761,82396,608924,36,809,5,3,Government,Rented,16914.555555555555,0
53,650315,54192,1834033,36,845,3,0,Self-Employed,Family,50945.36111111111,0
60,1919246,159937,229352,60,863,1,2,Government,Family,3822.5333333333333,1
30,1308521,109043,860694,60,893,2,2,Salaried,Rented,14344.9,0
63,1449445,120787,1965443,120,526,4,1,Self-Employed,Family,16378.691666666668,0
64,891426,74285,243283,180,735,2,3,Self-Employed,Rented,1351.5722222222223,0
49,648716,54059,1022346,180,721,2,3,Government,Owned,5679.7,0
33,2426106,202175,965015,12,853,1,3,Self-Employed,Rented,80417.91666666667,0
32,2152324,179360,1548771,180,320,2,1,Self-Employed,Owned,8604.283333333333,0
51,2217801,184816,1868460,48,853,5,3,Salaried,Rented,38926.25,0
22,282717,23559,1048974,12,696,0,2,Salaried,Rented,87414.5,0
55,644592,53716,481413,120,404,3,0,Self-Employed,Owned,4011.775,0
43,1367078,113923,1402564,60,491,0,2,Salaried,Owned,23376.066666666666,0
37,2104727,175393,376898,180,316,4,2,Unemployed,Family,2093.8777777777777,0
46,2179454,181621,1001661,24,419,3,0,Government,Rented,41735.875,0
28,1865630,155469,913561,60,692,2,2,Unemployed,Owned,15226.016666666666,0
49,468408,39034,352186,240,724,4,1,Salaried,Rented,1467.4416666666666,0
46,618276,51523,1160241,48,428,3,0,Student,Rented,24171.6875,0
30,1164920,97076,1345160,60,429,5,2,Government,Rented,22419.333333333332,0
46,2304697,192058,1215529,48,871,5,4,Government,Family,25323.520833333332,0
54,661411,55117,526072,48,859,5,2,Self-Employed,Rented,10959.833333333334,0
61,1034377,86198,1781312,48,328,5,1,Salaried,Owned,37110.666666666664,0
